,Taxon_1,Taxon_2,Taxon_3,Taxon_4,Taxon_5,Taxon_6,Taxon_7,Taxon_8
Taxon_1,0.0,0.01821951942678344,0.01821951942678344,0.02232911875025261,0.030616495890191373,0.024392393779170046,0.01821951942678344,0.03479477967728288
Taxon_2,0.01821951942678344,0.0,0.028536050728147418,0.032702728111598925,0.04110617737124627,0.03479477967728288,0.028536050728147418,0.04534347677783552
Taxon_3,0.01821951942678344,0.028536050728147418,0.0,0.014132315851109956,0.03479477967728288,0.028536050728147418,0.026461360608479784,0.043221834627477314
Taxon_4,0.02232911875025261,0.032702728111598925,0.014132315851109956,0.0,0.036892683143078836,0.030616495890191373,0.028536050728147418,0.04534347677783552
Taxon_5,0.030616495890191373,0.04110617737124627,0.03479477967728288,0.036892683143078836,0.0,0.010067265249105496,0.012097036447412734,0.028536050728147418
Taxon_6,0.024392393779170046,0.03479477967728288,0.028536050728147418,0.030616495890191373,0.010067265249105496,0.0,0.0060241287729482,0.02232911875025261
Taxon_7,0.01821951942678344,0.028536050728147418,0.026461360608479784,0.028536050728147418,0.012097036447412734,0.0060241287729482,0.0,0.016173133436880392
Taxon_8,0.03479477967728288,0.04534347677783552,0.043221834627477314,0.04534347677783552,0.028536050728147418,0.02232911875025261,0.016173133436880392,0.0
